{"type": "block", "layer": 1, "block": 0, "features": [{"geom": {"lines": [[-1782.0883099250495, -1008.6325053889304, 186.251953125, -1766.4145256206393, -1002.9057357693091, 186.0770263671875, -965.1590947899967, -709.797151257284, 186.0115203857422, -897.3432609979063, -688.4074049377814, 186.966796875, -881.4913655091077, -683.4106902722269, 187.02671813964844, -823.6608900427818, -665.1726546715945, 186.4552001953125, -795.7308298014104, -656.3707213317975, 187.0, -664.5074140559882, -614.9745963737369, 187.7235565185547, -619.3896244354546, -600.7530358610675, 188.03732299804688, -607.6231542602181, -596.851711364463, 188.15553283691406, -430.64742779545486, -536.7941306717694, 191.23851013183594, -264.84817820973694, -475.02562921494246, 187.19744873046875, 537.4647877849638, -176.9771082121879, 189.5693359375, 585.599335603416, -158.199748092331, 186.43455505371094, 1508.9833797868341, 178.60878427606076, 188.5270538330078]]}, "mtl": 0}, {"geom": {"lines": [[731.7618270162493, -972.3692994872108, 181.28976440429688, 826.0716996155679, -1212.3528819549829, 180.9549560546875, 855.4823090843856, -1304.2088396875188, 179.941650390625, 873.6719138771296, -1351.5584352063015, 180.0, 893.1194289214909, -1387.5508540831506, 180.0, 973.8371916934848, -1477.9251088332385, 179.5870819091797, 1056.3471982702613, -1590.089195145294, 177.48939514160156, 1132.088979806751, -1684.0352283660322, 178.53485107421875, 1246.469756597653, -1837.970542668365, 0.0, 1301.8400713168085, -1915.3117589764297, 0.0, 1365.7931187786162, -2007.4861182486638, 0.0, 1429.7350342907012, -2105.5390759585425, 0.0, 1491.8958379477262, -2204.3209524331614, 0.0, 1575.3075323998928, -2331.6729884529486, 0.0, 1718.586849000305, -2571.3074708245695, 0.0, 1832.0993337631226, -2763.6707016099244, 0.0, 1926.0529839918017, -2911.2061759931967, 0.0, 1993.6573107503355, -3007.499479526654, 0.0, 2041.4133723005652, -3074.089486845769, 0.0, 2107.1475316137075, -3139.8335948567837, 0.0, 2315.4040349908173, -3319.5223733047023, 0.0, 2427.5806858614087, -3414.888504073024, 0.0, 2547.0598953291774, -3522.0875618234277, 0.0, 2610.0684524029493, -3585.4021085239947, 0.0]]}, "mtl": 0}, {"geom": {"lines": [[-2829.6883855350316, -3585.4021085239947, 0.0, -2294.4696621485054, -3337.4468374969438, 0.0, -1896.8698368817568, -3193.646522932686, 0.0, -1715.3968029916286, -3091.9953009765595, 0.0, -1496.8989064618945, -2897.0272135809064, 0.0, -1348.799455910921, -2536.338816670701, 0.0, -1408.5223627202213, -2341.6643097540364, 0.0, -1441.9627377539873, -2162.510296774097, 0.0, -1452.8831798024476, -1976.7038075746968, 0.0, -894.96102389507, -1657.3061690609902, 178.2081298828125, -783.1962551400065, -1598.1214425293729, 178.57583618164062, -618.610388001427, -1528.9054899113253, 178.65682983398438, 0.5263558924198151, -1276.6521655907854, 180.0107879638672, 461.7341381981969, -1094.1876383796334, 179.8547821044922, 731.7618270162493, -972.3692994872108, 181.28976440429688]]}, "mtl": 0}, {"geom": {"lines": [[227.88044029287994, 3585.4021085239947, 0.0, 559.3279357757419, 2714.1907298266888, 0.0, 1166.5757580548525, 1168.3992994120345, 188.57066345214844, 1274.2105737030506, 892.1933622462675, 190.17031860351562, 1304.0330652855337, 801.4275575662032, 190.61846923828125, 1508.9833797868341, 178.60878427606076, 188.5270538330078, 1561.0252417307347, 49.66114333551377, 189.111572265625, 1572.0236074216664, 13.450859916396439, 188.52415466308594, 1572.9475591946393, -15.436523085460067, 187.95204162597656, 1570.6543776839972, -38.8077409286052, 186.74502563476562, 1562.8620133288205, -63.562704746611416, 185.69664001464844, 1539.4737883135676, -93.83361383806914, 184.9126434326172, 876.232262166217, -853.3548519359902, 180.28744506835938, 812.9582636002451, -911.56511551328, 180.14642333984375, 731.7618270162493, -972.3692994872108, 181.28976440429688]]}, "mtl": 0}, {"geom": {"lines": [[731.7618270162493, -972.3692994872108, 181.28976440429688, 694.2026308216155, -779.1356573617086, 181.7384796142578, 642.7173663303256, -449.75306194182485, 185.67056274414062, 640.3017333783209, -434.30120113212615, 185.98329162597656, 585.599335603416, -158.199748092331, 186.43455505371094, 487.11498210020363, 207.45844307076186, 188.1580047607422, 433.9933210927993, 404.68071204517037, 190.70497131347656, 436.49800963513553, 452.19470426253974, 190.2793426513672, 348.9786259736866, 649.7499066973105, 189.0, 285.6155718136579, 779.5531945480034, 189.8472900390625, 258.498143857345, 803.7533941371366, 189.780029296875, 231.06902132555842, 816.7088931482285, 188.62796020507812, 203.10556523874402, 819.1116215838119, 188.0, 181.10883385688066, 817.4969879928976, 187.89675903320312, 160.8820823803544, 807.1172085842118, 187.676513671875, 89.15893446281552, 756.6601437404752, 188.9163818359375, 40.34533775039017, 721.4268891243264, 187.78439331054688, -264.93723380193114, 594.7191909644753, 186.7525177001953, -575.0176754053682, 423.44024731684476, 189.6295166015625, -991.3748348709196, 198.36723331734538, 186.0122833251953, -1062.6415728777647, 140.8602907890454, 187.7622528076172, -1151.4188667833805, 58.32934113685042, 187.19326782226562, -1200.1768037509173, -12.937951256521046, 187.81687927246094, -1223.932383088395, -77.95821834076196, 188.0, -1231.435316765681, -134.21386327315122, 187.5165557861328, -1246.4411841258407, -189.2198458649218, 186.6858367919922, -1276.4529188442975, -250.49090437963605, 188.0, -1311.4628986995667, -291.75442404299974, 187.80735778808594, -1341.4635014683008, -303.0168093973771, 187.76425170898438, -1370.2284578885883, -304.2660490963608, 188.0, -1731.571525003761, -161.71690290607512, 188.2191162109375, -1860.3570439014584, -97.94660451449454, 187.8894500732422, -2029.1507877912372, 22.080577854067087, 186.79412841796875, -2186.6901311632246, 82.0852495264262, 185.04757690429688, -2490.5144173856825, 229.63873275835067, 183.53921508789062, -3131.937323335558, 563.4654534962028, 181.9445343017578, -3196.9590379092842, 599.735946428962, 181.07777404785156, -3220.7146172430366, 622.2248897738755, 180.9264373779297, -3246.963753171265, 667.2414133055136, 180.97035217285156, -3268.2257759142667, 714.7570000840351, 181.41221618652344, -3439.513076396659, 974.8292196244001, 184.4055938720703, -3486.3229222744703, 1039.5699009587988, 183.892822265625, -3585.4021085239947, 1176.6145020378754, 184.33740234375]]}, "mtl": 0}, {"geom": {"lines": [[-1276.4529188442975, -250.49090437963605, 188.0, -1245.6174198947847, -280.7418711511418, 187.98135375976562, -1207.112008029595, -333.92101904191077, 187.08731079101562, -1151.0737763624638, -420.9633763404563, 188.0, -965.1590947899967, -709.797151257284, 186.0115203857422, -804.6697849109769, -1182.989494798705, 182.95632934570312]]}, "mtl": 0}, {"geom": {"lines": [[-1151.0737763624638, -420.9633763404563, 188.0, -962.3649755716324, -373.93487033993006, 189.1560821533203, -828.5032878927886, -280.3959268303588, 188.83056640625, -701.9664227068424, -247.396612114273, 189.52032470703125, -571.7114865295589, -225.00619992800057, 188.0, -393.878599986434, -119.03045266587287, 189.1857147216797, -368.3419087994844, -109.01707334443927, 189.83648681640625, 375.3836091887206, 172.80426884628832, 190.0, 487.11498210020363, 207.45844307076186, 188.1580047607422]]}, "mtl": 0}, {"geom": {"lines": [[-1245.6174198947847, -280.7418711511418, 187.98135375976562, -1181.7756919246167, -222.96895752847195, 186.97589111328125, -1072.8495701830834, -180.1867445828393, 186.92501831054688, -451.7202074043453, 70.07274638395756, 190.55418395996094, 395.0314993150532, 421.4989408608526, 188.51751708984375, 436.49800963513553, 452.19470426253974, 190.2793426513672, 857.964733729139, 622.4747672853991, 189.11793518066406, 939.6509760729969, 661.378871020861, 189.0, 1274.2105737030506, 892.1933622462675, 190.17031860351562]]},